{
  "name": "color",
  "main": "one-color.js",
  "licence": "2-clause BSD",
  "ignore": [
    "bin",
    "demo",
    "lib",
    "slides",
    "test",
    ".gitignore",
    ".gitmodules",
    "LICENSE",
    "Makefile",
    "component.json",
    "package.json"
  ],
  "homepage": "https://github.com/One-com/one-color",
  "version": "2.4.2",
  "_release": "2.4.2",
  "_resolution": {
    "type": "version",
    "tag": "v2.4.2",
    "commit": "e73054ef8ab93c92017b818ce90498c8e87f7409"
  },
  "_source": "git://github.com/One-com/one-color.git",
  "_target": "~2.4.2",
  "_originalSource": "color",
  "_direct": true
}